0000000000000000000000000000000000000000 069022ca8fc94aa635cea8ecdb28d50c5b94c625 Zaur Huseyn <vzrosliy93@yandex.ru> 1691517152 +0400	commit (initial): updated text to free range
069022ca8fc94aa635cea8ecdb28d50c5b94c625 069022ca8fc94aa635cea8ecdb28d50c5b94c625 Zaur Huseyn <76054673+zaurhuseyn@users.noreply.github.com> 1691702931 +0400	checkout: moving from master to main
069022ca8fc94aa635cea8ecdb28d50c5b94c625 2fab1b2443627cb9dd154e6586c3008bfcc91c14 Zaur Huseyn <76054673+zaurhuseyn@users.noreply.github.com> 1691702980 +0400	commit: first commit
2fab1b2443627cb9dd154e6586c3008bfcc91c14 fcd4e97887d39e575829581488b1e91bf92b73ea Zaur Huseyn <76054673+zaurhuseyn@users.noreply.github.com> 1691703952 +0400	commit: first commit
fcd4e97887d39e575829581488b1e91bf92b73ea c3e548ccbea11d8d692abd21d8863f3ed62ad112 Zaur Huseyn <76054673+zaurhuseyn@users.noreply.github.com> 1691704358 +0400	commit (amend): first commit
c3e548ccbea11d8d692abd21d8863f3ed62ad112 c3e548ccbea11d8d692abd21d8863f3ed62ad112 Zaur Huseyn <76054673+zaurhuseyn@users.noreply.github.com> 1691928348 +0400	checkout: moving from main to main
c3e548ccbea11d8d692abd21d8863f3ed62ad112 9fcd23b25d71f4084f584b97f3313eaee184c733 Zaur Huseyn <76054673+zaurhuseyn@users.noreply.github.com> 1691955762 +0400	commit: first commit
9fcd23b25d71f4084f584b97f3313eaee184c733 9fcd23b25d71f4084f584b97f3313eaee184c733 Zaur Huseyn <76054673+zaurhuseyn@users.noreply.github.com> 1691955776 +0400	checkout: moving from main to main
9fcd23b25d71f4084f584b97f3313eaee184c733 02f2eb5a1a6636f189bde70756469f750416e739 Zaur Huseyn <76054673+zaurhuseyn@users.noreply.github.com> 1692099093 +0400	commit: Initial commit
02f2eb5a1a6636f189bde70756469f750416e739 0000000000000000000000000000000000000000 Zaur Huseyn <76054673+zaurhuseyn@users.noreply.github.com> 1692099101 +0400	Branch: renamed refs/heads/main to refs/heads/main
02f2eb5a1a6636f189bde70756469f750416e739 02f2eb5a1a6636f189bde70756469f750416e739 Zaur Huseyn <76054673+zaurhuseyn@users.noreply.github.com> 1692099101 +0400	Branch: renamed refs/heads/main to refs/heads/main
